{
  "name": "angular-route",
  "version": "1.5.11",
  "license": "MIT",
  "main": "./angular-route.js",
  "ignore": [],
  "dependencies": {
    "angular": "1.5.11"
  },
  "homepage": "https://github.com/angular/bower-angular-route",
  "_release": "1.5.11",
  "_resolution": {
    "type": "version",
    "tag": "v1.5.11",
    "commit": "cdb9db456ece8b3f80a638bb7bd69dc2dcd4eee9"
  },
  "_source": "https://github.com/angular/bower-angular-route.git",
  "_target": "1.5.x",
  "_originalSource": "angular-route"
}